query_id,floor_ndcg@10,relevant,can_move,cross-encoder,jev-score,laya-score,laya-typed-score
PLAIN-1008,0.0,0,False,0.0,0.0,0.0,0.0
PLAIN-1018,0.45184593602045525,6,True,-0.0172,-0.0356,-0.2486,-0.1674
PLAIN-102,0.20436662668128655,1,True,0.1195,-0.1022,-0.0424,0.0
PLAIN-1028,0.0,0,False,0.0,0.0,0.0,0.0
PLAIN-1039,1.0,2,True,0.0,0.0,0.0,0.0
PLAIN-1050,0.0,1,True,0.0,0.2201,0.2201,0.2201
PLAIN-1066,0.0,0,False,0.0,0.0,0.0,0.0
PLAIN-1088,0.5531464700081437,2,True,0.0,0.0,-0.4401,-0.5531
PLAIN-1098,0.0,0,False,0.0,0.0,0.0,0.0
PLAIN-1109,0.5867945846769145,10,True,0.0183,0.0192,0.0047,0.103
PLAIN-1119,0.0,0,False,0.0,0.0,0.0,0.0
PLAIN-112,0.503482193136901,5,True,0.14,0.1771,0.1896,0.1555
PLAIN-1130,1.0,1,True,0.0,0.0,0.0,0.0
PLAIN-1141,0.22009176629808017,1,True,0.0,0.0,-0.1253,-0.1349
PLAIN-1151,0.28997736516021183,5,True,-0.1066,-0.0367,0.0671,-0.0948
PLAIN-1161,0.0,0,False,0.0,0.0,0.0,0.0
PLAIN-1172,0.22009176629808017,1,True,0.0,0.0,0.0,0.0
PLAIN-1183,0.2934556883974402,2,True,-0.0886,-0.1987,-0.1514,-0.135
PLAIN-1193,0.0,2,True,0.0784,0.11,0.11,0.1635
PLAIN-12,0.12240689131487224,2,True,-0.0278,-0.0488,-0.0871,-0.0517
PLAIN-1203,0.3589542101716347,4,True,0.1331,0.114,-0.0559,-0.179
PLAIN-1214,0.0,0,False,0.0,0.0,0.0,0.0
PLAIN-1225,0.6212166613240646,8,True,-0.0055,0.0592,-0.0504,-0.1633
PLAIN-123,0.08039138809008574,3,True,0.0637,-0.0167,0.1404,0.144
PLAIN-1236,0.3391602052736161,1,True,0.0,0.0,0.0,-0.1252
PLAIN-1249,0.0,0,False,0.0,0.0,0.0,0.0
PLAIN-1262,0.41528076708874123,3,True,0.0537,0.0537,-0.3369,-0.3419
PLAIN-1275,0.5473983622993502,6,True,-0.0153,0.1678,-0.1248,-0.151
PLAIN-1288,0.6036081270984908,10,True,-0.3789,0.1127,0.1692,0.0682
PLAIN-1299,0.28952298823485745,2,True,-0.0058,0.0694,0.0157,0.0406
PLAIN-1309,0.0,0,False,0.0,0.0,0.0,0.0
PLAIN-1320,0.11706259313796354,3,True,0.4446,0.3555,0.0133,-0.026
PLAIN-133,0.0,0,False,0.0,0.0,0.0,0.0
PLAIN-1331,0.0,0,False,0.0,0.0,0.0,0.0
PLAIN-1342,0.5771493379489847,5,True,-0.0992,-0.1947,-0.2085,-0.18
PLAIN-1353,0.0,0,False,0.0,0.0,0.0,0.0
PLAIN-1363,0.22009176629808017,3,True,0.0,0.0636,-0.0812,0.0
PLAIN-1374,0.0,1,True,0.0,0.0663,0.0,0.0
PLAIN-1387,0.7222954974312066,8,True,-0.0442,0.0623,-0.0923,-0.1771
PLAIN-1398,1.0,19,True,0.0,0.0,0.0,0.0
PLAIN-1409,0.23758350840568812,3,True,-0.2376,0.0897,-0.0765,-0.0424
PLAIN-1419,0.513528549750033,5,True,0.0569,0.0634,-0.215,-0.2547
PLAIN-1429,0.0,0,False,0.0,0.0,0.0,0.0
PLAIN-143,0.598031029029431,3,True,0.0,-0.0698,-0.0698,-0.0698
PLAIN-1441,0.5836175861945262,11,True,-0.0041,0.1916,-0.131,0.009
PLAIN-1453,0.7385567757549499,9,True,-0.3094,0.022,-0.4105,-0.3891
PLAIN-1463,0.40348266660099286,6,True,-0.0883,-0.0058,-0.1565,-0.1389
PLAIN-1473,0.43067655807339306,1,True,0.5693,0.5693,0.5693,0.5693
PLAIN-1485,0.0,1,True,0.0,0.1389,0.1389,0.0663
PLAIN-1496,0.0,0,False,0.0,0.0,0.0,0.0
PLAIN-1506,0.22009176629808017,2,True,0.0,0.0784,0.0,0.0
PLAIN-1516,0.0,0,False,0.0,0.0,0.0,0.0
PLAIN-1527,1.0,17,True,-0.137,-0.1799,-0.2337,-0.3149
PLAIN-153,0.7774196036116855,11,True,0.1704,-0.0527,-0.1023,-0.0454
PLAIN-1537,0.28997736516021183,4,True,0.1321,0.1321,0.2371,0.23
PLAIN-1547,0.0,1,True,0.0,0.1303,0.0955,0.1171
PLAIN-1557,0.2489083270225946,3,True,0.0,0.066,0.0563,0.0445
PLAIN-1568,1.0,2,True,0.0,0.0,-0.1684,-0.3066
PLAIN-1579,0.3391602052736161,1,True,-0.1696,0.0,-0.2183,0.0
PLAIN-1590,0.20248323207250624,2,True,-0.0636,-0.1241,-0.0636,-0.1173
PLAIN-1601,0.84860265890399,10,True,-0.0601,0.0094,0.0157,0.0183
PLAIN-1611,0.0,0,False,0.0,0.0,0.0,0.0
PLAIN-1621,0.0,0,False,0.0,0.0,0.0,0.0
PLAIN-1635,0.7280855459907165,16,True,0.2719,0.2719,0.1986,0.1619
PLAIN-1645,0.10778915452451093,1,True,0.1948,0.1948,0.1948,0.0831
PLAIN-165,0.39982764565184603,8,True,0.1689,0.1774,0.1474,0.0996
PLAIN-1656,0.11004588314904008,1,True,-0.0406,-0.0249,-0.11,-0.0249
PLAIN-1667,0.8553475075669357,16,True,0.0499,0.1447,0.0595,-0.0754
PLAIN-1679,0.0,1,True,0.0,1.0,0.0,0.0
PLAIN-1690,0.0,0,False,0.0,0.0,0.0,0.0
PLAIN-1700,0.0,0,False,0.0,0.0,0.0,0.0
PLAIN-1710,1.0,14,True,0.0,0.0,0.0,0.0
PLAIN-1721,0.70844095012329,6,True,-0.072,-0.0505,-0.161,-0.2125
PLAIN-1731,0.7653606369886217,2,True,0.0,-0.0614,-0.0614,0.0
PLAIN-1741,1.0,19,True,0.0,0.0,0.0,-0.0636
PLAIN-175,0.3511643449202447,3,True,0.0667,0.0175,0.0667,0.0575
PLAIN-1752,0.0,0,False,0.0,0.0,0.0,0.0
PLAIN-1762,0.6193198671454698,5,True,-0.0494,0.0581,0.0766,0.0838
PLAIN-1772,1.0,2,True,0.0,0.0,0.0,-0.0803
PLAIN-1784,0.0,0,False,0.0,0.0,0.0,0.0
PLAIN-1794,1.0,2,True,0.0,0.0,-0.5694,-0.4562
PLAIN-1805,0.933745776545611,17,True,-0.0189,-0.0189,-0.0883,-0.098
PLAIN-1817,0.33013764944712026,4,True,0.0288,0.0924,0.0951,0.114
PLAIN-1827,0.0,0,False,0.0,0.0,0.0,0.0
PLAIN-1837,1.0,20,True,0.0,0.0,0.0,0.0
PLAIN-1847,0.30523488393970116,2,True,-0.1664,-0.0969,-0.0851,-0.239
PLAIN-1857,0.5637884576902256,4,True,0.0,0.0,-0.0531,-0.0463
PLAIN-186,0.13886244387355454,1,True,0.0812,0.0,-0.0694,-0.0537
PLAIN-1867,0.0,0,False,0.0,0.0,0.0,0.0
PLAIN-1877,0.0,0,False,0.0,0.0,0.0,0.0
PLAIN-1887,0.0,0,False,0.0,0.0,0.0,0.0
PLAIN-1897,0.0,1,True,0.0,0.2044,0.0,0.1846
PLAIN-1909,0.6020521034564038,12,True,0.0409,0.1401,0.0097,0.0346
PLAIN-1919,0.8630152897016883,9,True,-0.1357,-0.0663,-0.2441,-0.3278
PLAIN-1929,0.0,0,False,0.0,0.0,0.0,0.0
PLAIN-1940,0.3589542101716347,2,True,0.0,0.0,-0.1467,-0.0441
PLAIN-1950,0.2489083270225946,2,True,0.0,0.0812,-0.1541,-0.1389
PLAIN-196,0.4690000933206748,5,True,0.0636,0.1642,0.0631,-0.0153
PLAIN-1962,0.0,0,False,0.0,0.0,0.0,0.0
PLAIN-1972,0.0,0,False,0.0,0.0,0.0,0.0
PLAIN-1983,1.0,14,True,0.0,0.0,-0.1299,0.0
PLAIN-1995,0.0,0,False,0.0,0.0,0.0,0.0
PLAIN-2,0.8239489215792608,11,True,-0.1217,0.0273,-0.1884,-0.0624
PLAIN-2009,0.19958818982773852,2,True,-0.0109,-0.0006,-0.1198,0.0112
PLAIN-2019,0.23463936301137822,1,True,0.2346,0.2346,0.0614,-0.0325
PLAIN-2030,0.30260241349881345,1,True,0.0,0.0,0.0,-0.1117
PLAIN-2040,0.6785038377365556,8,True,0.0126,0.0839,0.1183,-0.0511
PLAIN-2051,0.6994739030813919,12,True,-0.0498,0.0294,-0.0831,-0.0701
PLAIN-2061,0.8611375561264454,19,True,0.0288,0.1389,0.0537,0.0655
PLAIN-207,0.5580759111248786,8,True,0.0627,-0.0563,-0.1226,-0.0282
PLAIN-2071,0.3757677525932109,8,True,0.1031,0.1634,0.078,0.1784
PLAIN-2081,0.3333333333333333,1,True,0.6667,0.6667,-0.3333,-0.3333
PLAIN-2092,0.6489315753318465,5,True,0.0,0.0,0.0,0.0
PLAIN-2102,0.6906478832608419,10,True,0.0912,-0.0574,-0.1258,0.0335
PLAIN-2113,0.0,0,False,0.0,0.0,0.0,0.0
PLAIN-2124,0.42257499837058643,4,True,0.1163,0.1412,-0.0383,-0.0597
PLAIN-2134,0.0,0,False,0.0,0.0,0.0,0.0
PLAIN-2145,0.1482972305701491,1,True,0.0,0.0867,0.0867,0.0867
PLAIN-2156,0.644824486427155,4,True,0.0,0.1303,0.0745,-0.0504
PLAIN-2167,0.0,0,False,0.0,0.0,0.0,0.0
PLAIN-217,0.0,1,True,0.0,0.0,0.0,0.0
PLAIN-2177,0.4697557950008693,6,True,0.119,0.1792,-0.073,-0.0545
PLAIN-2187,0.38334277998463445,2,True,0.0,-0.0471,-0.1567,-0.1984
PLAIN-2197,0.8701249883466593,8,True,-0.0058,-0.0694,-0.0071,-0.0694
PLAIN-2209,0.0,0,False,0.0,0.0,0.0,0.0
PLAIN-2220,0.3029889503327761,2,True,0.0804,0.0804,0.0804,0.0804
PLAIN-2230,0.0,0,False,0.0,0.0,0.0,0.0
PLAIN-2240,0.5836175861945262,5,True,-0.0452,0.0368,-0.0362,-0.1146
PLAIN-2250,0.0,1,True,0.0,0.0,0.0,0.3869
PLAIN-2261,0.5884674004369673,6,True,0.0448,0.09,-0.0247,-0.0563
PLAIN-227,0.0,0,False,0.0,0.0,0.0,0.0
PLAIN-2271,0.09478836436955078,1,True,-0.0254,-0.0948,-0.0948,-0.0948
PLAIN-2281,0.0,0,False,0.0,0.0,0.0,0.0
PLAIN-2291,0.11305340175787204,2,True,0.2261,0.247,-0.011,-0.1131
PLAIN-23,0.42520843362602373,5,True,-0.1333,0.1338,0.0036,-0.3166
PLAIN-2301,0.1731866333482261,3,True,-0.0147,0.2079,0.252,0.0757
PLAIN-2311,0.0,0,False,0.0,0.0,0.0,0.0
PLAIN-2321,0.0,0,False,0.0,0.0,0.0,0.0
PLAIN-2332,0.6437684113853992,7,True,-0.2173,-0.3155,0.0406,-0.1644
PLAIN-2343,0.0,0,False,0.0,0.0,0.0,0.0
PLAIN-2354,0.5531464700081437,2,True,0.0,0.0,-0.4462,-0.3441
PLAIN-2364,0.0,0,False,0.0,0.0,0.0,0.0
PLAIN-2375,0.0,0,False,0.0,0.0,0.0,0.0
PLAIN-238,0.08514311764162098,1,True,0.1349,-0.0851,-0.0157,-0.0215
PLAIN-2386,0.06943122193677727,2,True,0.1357,0.119,0.0694,0.1507
PLAIN-2396,0.0,0,False,0.0,0.0,0.0,0.0
PLAIN-2408,0.0,0,False,0.0,0.0,0.0,0.0
PLAIN-2430,0.6412512379457415,7,True,-0.02,-0.0205,-0.1875,-0.1309
PLAIN-2440,0.0,0,False,0.0,0.0,0.0,0.0
PLAIN-2450,0.21222636597291458,5,True,0.0902,0.0425,0.1511,0.0778
PLAIN-2460,0.1921355075472101,2,True,-0.1921,0.2083,-0.0117,-0.0889
PLAIN-2470,0.5004644791092671,6,True,0.0637,0.107,-0.1542,-0.0581
PLAIN-248,0.28952298823485745,2,True,-0.1349,-0.2233,-0.1795,-0.0773
PLAIN-2480,0.3117803142778656,4,True,0.0734,0.0767,-0.0514,0.0539
PLAIN-2490,0.22357389443163989,6,True,0.0494,0.0467,-0.0104,-0.0177
PLAIN-2500,0.3671214198378179,3,True,-0.2406,-0.31,-0.2995,-0.3671
PLAIN-2510,0.7643896562002992,12,True,-0.0331,0.0441,0.096,0.096
PLAIN-2520,0.13792357708593314,5,True,-0.0685,-0.0701,-0.1032,-0.0694
PLAIN-2530,0.9321572773044168,15,True,-0.002,0.0331,-0.0032,-0.0188
PLAIN-2540,0.6245615556765979,7,True,-0.1304,0.0001,-0.3971,-0.4556
PLAIN-2550,0.08494489033580482,2,True,0.0248,0.1274,-0.0466,-0.0301
PLAIN-2560,0.8603818544462509,11,True,0.0097,0.1396,0.076,0.076
PLAIN-2570,0.2681419595502426,4,True,0.0729,-0.0428,0.1164,0.1333
PLAIN-2580,0.3941769500918012,2,True,0.0,-0.1284,-0.3193,-0.1902
PLAIN-259,0.3589542101716347,2,True,0.0,0.0,-0.2489,-0.2143
PLAIN-2590,0.2171682226396739,3,True,-0.1793,0.021,-0.005,-0.0364
PLAIN-2600,0.5679762190714776,3,True,-0.0245,0.0318,-0.3334,-0.2901
PLAIN-2610,0.3430184917061137,6,True,0.0605,0.0399,-0.0776,0.052
PLAIN-2620,0.11508023002835537,2,True,-0.0148,-0.0203,-0.1151,-0.1151
PLAIN-2630,0.5769706247040591,9,True,0.1129,0.2166,0.0067,0.034
PLAIN-2640,0.5955930391052112,13,True,-0.0007,0.0169,-0.1704,-0.0896
PLAIN-2650,0.40350157154648025,6,True,0.114,0.088,0.1669,0.0675
PLAIN-2660,0.22400556151517553,5,True,0.0,0.0378,0.1619,0.0522
PLAIN-2670,0.3941769500918012,3,True,-0.0945,0.1445,-0.1052,0.0122
PLAIN-2680,0.16078277618017148,5,True,0.3201,0.4554,0.3122,0.3456
PLAIN-2690,0.3321737110889728,5,True,0.0943,0.2234,0.0439,-0.0228
PLAIN-270,0.28371255449703187,3,True,-0.0636,0.0,0.0752,0.0752
PLAIN-2700,0.2996484034259831,2,True,0.0,0.0,0.0,0.0
PLAIN-2710,0.6263380278851488,5,True,0.0445,0.0191,0.005,0.005
PLAIN-2720,0.28952298823485745,4,True,-0.114,0.0289,-0.0249,-0.0867
PLAIN-2730,0.5032349387286366,9,True,0.0906,0.1517,0.1207,0.134
PLAIN-2740,0.5153955690746658,8,True,0.1196,0.1341,-0.126,-0.1359
PLAIN-2750,0.6254843812442438,11,True,0.0455,-0.1701,-0.0299,-0.0735
PLAIN-2760,0.0,1,True,0.0,0.226,0.1194,0.1385
PLAIN-2770,0.37180908705426724,6,True,-0.1872,0.0734,-0.2284,-0.2839
PLAIN-2780,0.48125049454682667,8,True,-0.0709,0.0101,-0.1005,-0.0984
PLAIN-2790,0.5969155694174201,5,True,-0.0698,0.0,-0.1685,-0.1528
PLAIN-280,0.4440973278132557,3,True,-0.1695,-0.0508,-0.3805,-0.3013
PLAIN-2800,0.06452577150984495,2,True,-0.0173,0.1433,-0.0194,-0.0194
PLAIN-2810,0.054784966022752124,1,True,-0.0053,-0.0548,-0.0029,-0.0548
PLAIN-2820,0.13458593768037733,1,True,-0.1346,-0.1346,-0.1346,-0.1346
PLAIN-2830,0.31939394323979897,1,True,-0.0723,0.3194,0.0,-0.0443
PLAIN-2840,0.0,0,False,0.0,0.0,0.0,0.0
PLAIN-2850,0.0,0,False,0.0,0.0,0.0,0.0
PLAIN-2860,1.0,2,True,0.0,0.0,0.0,0.0
PLAIN-2870,0.09021422696383823,1,True,0.0,0.0,0.0189,-0.0058
PLAIN-2880,0.0,0,False,0.0,0.0,0.0,0.0
PLAIN-2890,0.227626228959616,1,True,0.0,0.0,-0.1074,-0.119
PLAIN-2900,0.0,1,True,0.0,0.1776,0.1776,0.2815
PLAIN-291,0.3589542101716347,3,True,0.0663,-0.1638,0.0,-0.0905
PLAIN-2910,0.3239134396887189,1,True,0.0,-0.162,-0.2303,-0.3239
PLAIN-2920,0.0,0,False,0.0,0.0,0.0,0.0
PLAIN-2930,0.4209088765951527,2,True,-0.0058,-0.0601,-0.0601,-0.0601
PLAIN-2940,0.0,0,False,0.0,0.0,0.0,0.0
PLAIN-2950,0.0,0,False,0.0,0.0,0.0,0.0
PLAIN-2960,0.3273949503887395,1,True,0.0,0.4328,-0.0333,-0.074
PLAIN-2970,0.1472464406872869,2,True,0.2334,0.1607,0.0929,-0.0204
PLAIN-2981,0.43122038713502525,2,True,0.0834,0.0768,0.0565,0.0929
PLAIN-2991,0.3065735963827292,1,True,0.0803,0.0803,-0.1131,-0.1131
PLAIN-3001,0.3065735963827292,1,True,0.0803,0.3066,0.3066,0.3066
PLAIN-3014,0.0,0,False,0.0,0.0,0.0,0.0
PLAIN-3026,0.6309297535714575,1,True,0.3691,0.3691,-0.1309,-0.2441
PLAIN-3037,0.0,0,False,0.0,0.0,0.0,0.0
PLAIN-3053,0.7039180890341347,2,True,0.0614,0.0614,0.0614,0.0
PLAIN-3063,0.0,0,False,0.0,0.0,0.0,0.0
PLAIN-307,0.7039180890341347,3,True,0.2286,-0.179,0.0614,0.2027
PLAIN-3074,1.0,1,True,0.0,0.0,-0.3691,-0.5
PLAIN-3085,0.38685280723454163,2,True,0.0349,0.2372,-0.2096,-0.2096
PLAIN-3097,0.4770382338730848,1,True,0.0,0.0,0.0,-0.1761
PLAIN-3116,0.0,0,False,0.0,0.0,0.0,0.0
PLAIN-3131,0.13106462776298736,2,True,0.4209,0.2851,0.2595,0.3953
PLAIN-3141,0.14982420171299154,2,True,-0.1498,0.0473,-0.0965,-0.0749
PLAIN-3151,0.6093392219726761,8,True,-0.1578,0.2286,0.0966,0.1555
PLAIN-3161,0.425035080064741,4,True,0.0259,0.0521,-0.0041,-0.0643
PLAIN-3171,0.113813114479808,2,True,0.0073,-0.0569,-0.0569,-0.0496
PLAIN-3181,0.1478294909154526,2,True,-0.0842,0.0106,-0.1478,-0.0745
PLAIN-3191,0.22508513668652322,4,True,0.0913,0.1268,-0.1437,-0.1363
PLAIN-320,0.0,0,False,0.0,0.0,0.0,0.0
PLAIN-3201,0.11120921322406256,3,True,0.2496,0.2496,0.4095,0.3097
PLAIN-3211,0.0,0,False,0.0,0.0,0.0,0.0
PLAIN-3221,0.1042885296931158,2,True,-0.1043,0.1233,0.0511,0.1233
PLAIN-3231,0.0,1,True,0.0,0.0895,0.0,0.0895
PLAIN-3241,0.0,1,True,0.3608,0.3608,0.2276,0.1554
PLAIN-3251,0.09019475927038985,1,True,-0.0333,-0.0381,-0.0902,-0.0902
PLAIN-3261,0.0,1,True,0.1498,0.1498,0.0,0.0
PLAIN-3271,0.0,1,True,0.0,0.0,0.0,0.0
PLAIN-3281,0.38160358729772015,3,True,0.0445,0.0503,0.2277,0.2064
PLAIN-3292,0.6883433189925532,6,True,-0.0638,-0.1611,-0.3126,-0.2445
PLAIN-33,0.1374235060207817,2,True,0.006,0.048,0.087,0.0572
PLAIN-3302,0.20400787375019785,4,True,-0.204,-0.0828,0.0679,0.0471
PLAIN-3312,0.3241614339182073,6,True,0.0696,-0.026,-0.1682,-0.0796
PLAIN-332,0.6131471927654584,1,True,0.0,0.0,0.0,0.0
PLAIN-3322,0.13568544539116628,3,True,0.0228,0.1354,0.0032,-0.0505
PLAIN-3332,0.6792039116380362,9,True,-0.0095,0.2021,-0.0476,-0.0831
PLAIN-3342,0.8395700624665824,3,True,-0.2351,0.1279,-0.5168,-0.4485
PLAIN-3352,0.0,1,True,0.0936,0.3239,0.0,0.0975
PLAIN-3362,0.5090446975661469,3,True,0.079,0.079,-0.3418,-0.3471
PLAIN-3372,0.0,1,True,0.1138,0.2276,0.0,0.1043
PLAIN-3382,0.3942572095611896,8,True,0.1507,0.304,0.0744,0.0901
PLAIN-3392,0.08514311764162098,2,True,-0.0851,0.0627,-0.0851,0.0096
PLAIN-3402,0.0,1,True,0.0734,0.0784,0.0663,0.0851
PLAIN-3412,0.3991039663886356,5,True,-0.1795,-0.1284,-0.3365,-0.3294
PLAIN-3422,0.07255421227814464,5,True,0.0451,0.0086,0.0524,0.0998
PLAIN-3432,0.35970991185182927,5,True,0.0188,-0.1514,-0.1267,-0.0545
PLAIN-344,0.08421358772610596,1,True,0.0493,0.0493,0.0493,0.0493
PLAIN-3442,0.0,1,True,0.0,0.0606,0.1407,0.1407
PLAIN-3452,0.2531204573537867,6,True,0.3705,0.0627,0.1132,0.2315
PLAIN-3462,0.681660451040628,12,True,0.0367,0.0912,-0.037,-0.067
PLAIN-3472,0.0,1,True,0.0,0.0475,0.0386,0.0575
PLAIN-358,0.0,0,False,0.0,0.0,0.0,0.0
PLAIN-371,0.16369747519436975,1,True,0.2164,0.2164,-0.0283,-0.0283
PLAIN-383,0.16958010263680806,1,True,0.1696,0.0444,-0.0565,-0.0488
PLAIN-395,0.0,0,False,0.0,0.0,0.0,0.0
PLAIN-407,0.6387878864795979,1,True,0.0,0.0,0.0,0.0
PLAIN-418,0.8670870086853021,2,True,-0.0696,-0.0696,-0.1065,-0.4324
PLAIN-430,0.6174886499090687,3,True,-0.1124,-0.1449,-0.1777,-0.0862
PLAIN-44,0.23033840112236736,3,True,-0.1518,-0.0971,-0.1142,-0.1396
PLAIN-441,0.8944233231823523,5,True,-0.0412,-0.1032,-0.2601,-0.1457
PLAIN-457,0.0,0,False,0.0,0.0,0.0,0.0
PLAIN-468,0.3065499400219298,2,True,-0.0047,0.1793,0.1149,0.111
PLAIN-478,0.0,0,False,0.0,0.0,0.0,0.0
PLAIN-488,1.0,11,True,-0.0694,-0.0784,-0.0636,-0.0636
PLAIN-499,0.40348266660099286,4,True,0.0592,-0.1324,-0.1698,-0.0445
PLAIN-510,0.11706259313796354,1,True,-0.1171,-0.0162,0.0739,0.1855
PLAIN-520,0.0,0,False,0.0,0.0,0.0,0.0
PLAIN-531,0.22119341301481266,10,True,0.2489,0.3903,0.403,0.3218
PLAIN-541,0.15130120674940672,1,True,0.0,0.0396,-0.0558,-0.1513
PLAIN-551,0.0,0,False,0.0,0.0,0.0,0.0
PLAIN-56,0.7105736166072235,8,True,-0.0378,-0.0385,-0.1689,-0.1138
PLAIN-561,0.3589542101716347,2,True,0.0,0.0,-0.1705,-0.2162
PLAIN-571,0.22471947398559278,2,True,0.0311,0.0311,0.0191,0.0106
PLAIN-583,0.0,0,False,0.0,0.0,0.0,0.0
PLAIN-593,0.46927872602275644,1,True,0.0,0.0,0.0,-0.2672
PLAIN-603,0.0,0,False,0.0,0.0,0.0,0.0
PLAIN-613,0.08514311764162098,1,True,0.1349,0.0096,0.0537,0.0537
PLAIN-623,0.2489083270225946,2,True,0.0,0.0,-0.0153,0.0563
PLAIN-634,0.15176219107803537,2,True,0.0971,0.1784,0.1784,0.0971
PLAIN-645,0.0,0,False,0.0,0.0,0.0,0.0
PLAIN-660,1.0,20,True,0.0,0.0,0.0,0.0
PLAIN-671,1.0,1,True,0.0,0.0,0.0,0.0
PLAIN-68,0.481941637304645,5,True,-0.0643,0.1036,0.0292,-0.0435
PLAIN-681,1.0,1,True,0.0,0.0,0.0,-0.5
PLAIN-691,0.0,0,False,0.0,0.0,0.0,0.0
PLAIN-701,0.37941405415148566,4,True,0.2685,0.2322,0.0999,0.2153
PLAIN-711,0.22009176629808017,3,True,0.1514,0.1236,0.0296,-0.0723
PLAIN-721,1.0,15,True,0.0,0.0,0.0,0.0
PLAIN-731,0.6874708847784536,12,True,0.0184,0.0945,0.0,-0.1799
PLAIN-741,0.800693766409882,8,True,0.0479,-0.0032,-0.2119,-0.0891
PLAIN-751,0.0,0,False,0.0,0.0,0.0,0.0
PLAIN-761,0.13032376591037062,1,True,0.0606,0.0,0.1723,0.1723
PLAIN-771,1.0,3,True,0.0,0.0,0.0,0.0
PLAIN-78,0.13982054982942418,3,True,0.1867,0.0513,0.1179,0.0515
PLAIN-782,0.0,0,False,0.0,0.0,0.0,0.0
PLAIN-792,0.5846156829012061,3,True,0.026,0.0602,0.0602,0.026
PLAIN-806,0.8482378089219645,12,True,0.0855,0.1518,0.0734,0.0071
PLAIN-817,0.0,0,False,0.0,0.0,0.0,0.0
PLAIN-827,0.5501126236272343,15,True,0.3398,0.3011,0.1514,0.1756
PLAIN-838,0.7767471075223497,7,True,0.0708,0.0783,0.0741,0.0
PLAIN-850,0.7222954974312066,7,True,-0.0734,-0.0071,-0.0605,-0.0605
PLAIN-872,0.0,0,False,0.0,0.0,0.0,0.0
PLAIN-882,0.6871952210980248,8,True,0.0978,0.0881,0.0974,0.1135
PLAIN-892,0.7125523635307982,7,True,0.0881,0.081,-0.0164,-0.0442
PLAIN-902,0.6366824387328317,2,True,-0.0782,0.0,-0.1232,-0.2463
PLAIN-91,0.30726831498162677,7,True,0.0479,0.3679,0.0469,-0.029
PLAIN-913,0.800693766409882,10,True,0.0,0.0636,-0.0325,-0.0694
PLAIN-924,0.48864468918810133,7,True,0.2809,0.312,0.1321,0.1603
PLAIN-934,0.6969179698201173,13,True,-0.141,-0.0907,-0.1691,-0.1324
PLAIN-946,0.3589542101716347,2,True,-0.1541,0.0,-0.0605,0.0
PLAIN-956,0.6719377023185354,11,True,-0.0544,-0.0922,-0.3225,-0.2743
PLAIN-966,0.0,1,True,0.0,0.0,0.0,0.0
PLAIN-977,0.23463936301137822,1,True,-0.0675,0.2346,-0.0675,0.2346
PLAIN-987,0.13565197343244778,1,True,-0.1357,0.1604,0.099,0.099
PLAIN-997,0.0,0,False,0.0,0.0,0.0,0.0
