query_id,bm25_ndcg@10,relevant,can_move,cross-encoder,jev-score
PLAIN-1008,0.0,0,False,0.0,0.0
PLAIN-1018,0.4922818839877925,7,True,0.006,-0.003
PLAIN-102,0.12530682344457728,1,True,0.1986,0.0366
PLAIN-1028,0.0,0,False,0.0,0.0
PLAIN-1039,1.0,2,True,0.0,0.0
PLAIN-1050,0.06362078819895171,1,True,0.0,0.0752
PLAIN-1066,0.0,0,False,0.0,0.0
PLAIN-1088,0.5531464700081437,2,True,0.0,0.0
PLAIN-1098,0.0,0,False,0.0,0.0
PLAIN-1109,0.6046855387118412,9,True,0.0005,0.0864
PLAIN-1119,0.0,0,False,0.0,0.0
PLAIN-112,0.4027144836875453,2,True,0.0564,0.0564
PLAIN-1130,1.0,1,True,0.0,0.0
PLAIN-1141,0.22009176629808017,1,True,0.0,0.0
PLAIN-1151,0.23440650992329987,4,True,0.2193,-0.0104
PLAIN-1161,0.0,0,False,0.0,0.0
PLAIN-1172,0.22009176629808017,1,True,0.0,0.0
PLAIN-1183,0.28952298823485745,2,True,-0.0847,-0.131
PLAIN-1193,0.06362078819895171,2,True,-0.0636,0.0
PLAIN-12,0.0,0,False,0.0,0.0
PLAIN-1203,0.3589542101716347,2,True,0.0,0.0
PLAIN-1214,0.0,0,False,0.0,0.0
PLAIN-1225,0.5363559634917963,9,True,0.0793,0.148
PLAIN-123,0.04247244516790241,1,True,0.0849,0.0124
PLAIN-1236,0.3391602052736161,1,True,0.0,0.0
PLAIN-1249,0.0,0,False,0.0,0.0
PLAIN-1262,0.2082936658103318,3,True,0.2607,0.2607
PLAIN-1275,0.4537425745411855,6,True,0.0851,0.2272
PLAIN-1288,0.7381919257729245,10,True,-0.0367,-0.094
PLAIN-1299,0.30523488393970116,2,True,-0.0189,0.0537
PLAIN-1309,0.0,0,False,0.0,0.0
PLAIN-1320,0.43768250601780867,3,True,0.1117,0.0349
PLAIN-133,0.0,0,False,0.0,0.0
PLAIN-1331,0.0,0,False,0.0,0.0
PLAIN-1342,0.39092738420022166,5,True,0.0839,-0.0789
PLAIN-1353,0.0,0,False,0.0,0.0
PLAIN-1363,0.22009176629808017,1,True,0.0,0.0
PLAIN-1374,0.08514311764162098,3,True,0.3112,0.1321
PLAIN-1387,0.6569815082938864,8,True,0.0211,0.1276
PLAIN-1398,1.0,19,True,0.0,0.0
PLAIN-1409,0.06362078819895171,2,True,-0.0636,0.1045
PLAIN-1419,0.31488013066763093,2,True,0.0,0.0153
PLAIN-1429,0.0,0,False,0.0,0.0
PLAIN-143,0.43929373490672136,3,True,0.1587,0.089
PLAIN-1441,0.4288398090337664,9,True,0.1285,0.2828
PLAIN-1453,0.30523488393970116,10,True,0.0627,0.6096
PLAIN-1463,0.40350157154648025,5,True,-0.015,-0.1253
PLAIN-1473,1.0,1,True,0.0,0.0
PLAIN-1485,0.09478836436955078,1,True,-0.0948,0.0441
PLAIN-1496,0.0,0,False,0.0,0.0
PLAIN-1506,0.2984900352767555,2,True,-0.0784,-0.0812
PLAIN-1516,0.0,0,False,0.0,0.0
PLAIN-1527,0.8603818544462509,15,True,-0.0246,-0.0652
PLAIN-153,0.49704390874168247,8,True,0.3396,0.3009
PLAIN-1537,0.0,3,True,0.3437,0.3341
PLAIN-1547,0.0,0,False,0.0,0.0
PLAIN-1557,0.2781981696179509,4,True,-0.0293,0.027
PLAIN-1568,1.0,2,True,0.0,0.0
PLAIN-1579,0.3391602052736161,1,True,0.0,0.0
PLAIN-1590,0.22009176629808017,2,True,-0.0812,-0.0519
PLAIN-1601,0.5806020001118019,10,True,0.1346,0.2747
PLAIN-1611,0.0,0,False,0.0,0.0
PLAIN-1621,0.0,0,False,0.0,0.0
PLAIN-1635,0.5017100640839688,13,True,0.4983,0.4983
PLAIN-1645,0.30260241349881345,1,True,0.0,0.0
PLAIN-165,0.21454222631433517,7,True,0.3087,0.3167
PLAIN-1656,0.09478836436955078,1,True,-0.0285,0.0
PLAIN-1667,0.7479350596733328,12,True,-0.0008,0.1737
PLAIN-1679,0.0,0,False,0.0,0.0
PLAIN-1690,0.0,0,False,0.0,0.0
PLAIN-1700,0.0,0,False,0.0,0.0
PLAIN-1710,1.0,13,True,0.0,0.0
PLAIN-1721,0.6621137423456802,6,True,-0.0256,-0.0506
PLAIN-1731,0.7653606369886217,2,True,0.0,-0.0614
PLAIN-1741,1.0,19,True,0.0,0.0
PLAIN-175,0.3686402433478159,3,True,0.0493,0.0
PLAIN-1752,0.0,0,False,0.0,0.0
PLAIN-1762,0.26852556974265224,2,True,0.144,0.144
PLAIN-1772,1.0,2,True,0.0,0.0
PLAIN-1784,0.0,0,False,0.0,0.0
PLAIN-1794,1.0,2,True,0.0,0.0
PLAIN-1805,0.9305687780632227,14,True,-0.0793,-0.0039
PLAIN-1817,0.5384313152574521,4,True,-0.1159,-0.0375
PLAIN-1827,0.0,0,False,0.0,0.0
PLAIN-1837,1.0,20,True,0.0,0.0
PLAIN-1847,0.33013764944712026,2,True,-0.1913,-0.0965
PLAIN-1857,0.6274092458891772,5,True,0.0097,0.0097
PLAIN-186,0.13886244387355454,1,True,0.0812,0.0
PLAIN-1867,0.0,0,False,0.0,0.0
PLAIN-1877,0.0,0,False,0.0,0.0
PLAIN-1887,0.0,0,False,0.0,0.0
PLAIN-1897,0.0,0,False,0.0,0.0
PLAIN-1909,1.0,15,True,-0.224,-0.1795
PLAIN-1919,0.793584067764911,10,True,-0.0026,0.0694
PLAIN-1929,0.0,0,False,0.0,0.0
PLAIN-1940,0.3589542101716347,3,True,0.0,0.0694
PLAIN-1950,0.2489083270225946,2,True,0.0,0.0812
PLAIN-196,0.6691255538181726,6,True,-0.1053,0.0316
PLAIN-1962,0.0,0,False,0.0,0.0
PLAIN-1972,0.0,0,False,0.0,0.0
PLAIN-1983,1.0,13,True,0.0,0.0
PLAIN-1995,0.0,0,False,0.0,0.0
PLAIN-2,0.8081027286021777,10,True,-0.0309,0.0151
PLAIN-2009,0.12647135138382856,1,True,-0.0175,-0.0175
PLAIN-2019,0.46927872602275644,1,True,0.0,0.0
PLAIN-2030,0.30260241349881345,1,True,0.0,0.0
PLAIN-2040,0.7573821447149967,11,True,-0.0663,-0.0702
PLAIN-2051,0.7133080652109929,12,True,0.0148,0.1568
PLAIN-2061,0.933745776545611,18,True,-0.0438,0.0663
PLAIN-207,0.2866919347890071,8,True,0.3341,0.2151
PLAIN-2071,0.5810820381115676,9,True,-0.1022,-0.0419
PLAIN-2081,1.0,1,True,0.0,0.0
PLAIN-2092,0.6489315753318465,5,True,0.0,0.0
PLAIN-2102,0.5352543167750639,9,True,0.2368,0.0516
PLAIN-2113,0.0,0,False,0.0,0.0
PLAIN-2124,0.3589542101716347,2,True,0.0,0.0
PLAIN-2134,0.0,0,False,0.0,0.0
PLAIN-2145,0.1482972305701491,1,True,0.0,0.0867
PLAIN-2156,0.644824486427155,3,True,0.0,0.0
PLAIN-2167,0.0,0,False,0.0,0.0
PLAIN-217,0.0,0,False,0.0,0.0
PLAIN-2177,0.29727159644205703,3,True,0.1311,0.1717
PLAIN-2187,0.38334277998463445,2,True,0.0,0.0
PLAIN-2197,0.857980942822373,8,True,0.009,0.009
PLAIN-2209,0.0,0,False,0.0,0.0
PLAIN-2220,0.23504554941448536,1,True,0.0,0.0
PLAIN-2230,0.0,0,False,0.0,0.0
PLAIN-2240,0.5517854393872873,5,True,-0.0044,0.0854
PLAIN-2250,0.0,0,False,0.0,0.0
PLAIN-2261,0.44903378752009243,5,True,0.02,0.0299
PLAIN-227,0.09478836436955078,1,True,0.1253,0.1253
PLAIN-2271,0.0,0,False,0.0,0.0
PLAIN-2281,0.0,0,False,0.0,0.0
PLAIN-2291,0.45221360703148816,2,True,-0.1131,-0.1618
PLAIN-23,0.2354691338950244,8,True,0.3494,0.5055
PLAIN-2301,0.0,0,False,0.0,0.0
PLAIN-2311,0.0,0,False,0.0,0.0
PLAIN-2321,0.0,0,False,0.0,0.0
PLAIN-2332,0.5100691314582919,5,True,-0.1504,-0.3108
PLAIN-2343,0.0,0,False,0.0,0.0
PLAIN-2354,0.5087403079104241,2,True,0.0444,0.0444
PLAIN-2364,0.0,0,False,0.0,0.0
PLAIN-2375,0.0,0,False,0.0,0.0
PLAIN-238,0.0,0,False,0.0,0.0
PLAIN-2386,0.0,0,False,0.0,0.0
PLAIN-2396,0.0,0,False,0.0,0.0
PLAIN-2408,0.0,0,False,0.0,0.0
PLAIN-2430,0.43735247915031,3,True,0.0316,0.0316
PLAIN-2440,0.0,0,False,0.0,0.0
PLAIN-2450,0.31488013066763093,4,True,-0.0125,-0.0812
PLAIN-2460,0.11496943328345773,3,True,0.0222,0.0936
PLAIN-2470,0.17796717146275912,4,True,0.2248,0.1311
PLAIN-248,0.17947710508581735,2,True,-0.021,-0.0438
PLAIN-2480,0.2152287951103975,6,True,0.17,0.0866
PLAIN-2490,0.5386485824602897,4,True,-0.2362,-0.3593
PLAIN-2500,0.059872671137193724,3,True,0.0667,0.1175
PLAIN-2510,0.8318477135310893,9,True,-0.037,0.0097
PLAIN-2520,0.12468135197397451,5,True,-0.0127,-0.025
PLAIN-2530,0.9276737537834677,17,True,0.0025,0.0356
PLAIN-2540,0.2615385214652794,4,True,0.0979,0.1369
PLAIN-2550,0.22068335843687786,3,True,-0.0599,0.2076
PLAIN-2560,0.78180487222265,10,True,0.0189,0.1519
PLAIN-2570,0.15423215925316425,1,True,0.0,0.0902
PLAIN-2580,0.37456050428247883,3,True,0.0196,-0.0554
PLAIN-259,0.3589542101716347,2,True,0.0,0.0
PLAIN-2590,0.032855541833552986,2,True,-0.0329,0.1595
PLAIN-2600,0.1976921351711604,2,True,0.1206,0.2614
PLAIN-2610,0.28952298823485745,3,True,-0.1175,-0.0701
PLAIN-2620,0.2626633251188907,2,True,-0.1347,-0.1159
PLAIN-2630,0.4440973278132557,7,True,0.1606,0.2366
PLAIN-2640,0.6009053751727895,10,True,-0.0359,-0.0077
PLAIN-2650,0.4985723557253838,5,True,0.0091,0.0048
PLAIN-2660,0.1610425878239398,3,True,-0.0663,0.1022
PLAIN-2670,0.2996484034259831,2,True,0.0902,0.1891
PLAIN-2680,0.2705340951674102,3,True,0.0941,0.2437
PLAIN-2690,0.06943122193677727,1,True,0.0406,-0.022
PLAIN-270,0.22009176629808017,3,True,0.1299,0.0784
PLAIN-2700,0.1890570933316362,1,True,0.1106,0.1106
PLAIN-2710,0.5304677109628313,4,True,0.0959,0.0866
PLAIN-2720,0.11827022936881551,3,True,0.1568,0.1003
PLAIN-2730,0.31400945942777175,5,True,0.0094,0.1728
PLAIN-2740,0.45545502446461517,5,True,0.137,0.1957
PLAIN-2750,0.5238775486533084,7,True,0.0693,-0.0585
PLAIN-2760,0.0,0,False,0.0,0.0
PLAIN-2770,0.3899358445195752,5,True,-0.1796,0.1177
PLAIN-2780,0.39574283478664835,5,True,0.0147,0.0574
PLAIN-2790,0.642186726668901,7,True,-0.1151,0.0851
PLAIN-280,0.40350157154648025,4,True,-0.1129,0.005
PLAIN-2800,0.13998627114565382,2,True,-0.0755,0.0363
PLAIN-2810,0.05854439592831931,2,True,-0.0091,-0.0585
PLAIN-2820,0.0,0,False,0.0,0.0
PLAIN-2830,0.31939394323979897,1,True,0.0,0.3194
PLAIN-2840,0.0,0,False,0.0,0.0
PLAIN-2850,0.0,0,False,0.0,0.0
PLAIN-2860,1.0,2,True,0.0,0.0
PLAIN-2870,0.07623986638854101,1,True,0.0217,0.014
PLAIN-2880,0.0,0,False,0.0,0.0
PLAIN-2890,0.15537907391531905,1,True,0.0722,0.2054
PLAIN-2900,0.08879873949105598,1,True,-0.0041,0.0888
PLAIN-291,0.3589542101716347,2,True,0.0,-0.1638
PLAIN-2910,0.20436662668128655,1,True,0.1195,-0.0424
PLAIN-2920,0.0,1,True,0.0,0.0979
PLAIN-2930,0.3607790370815594,1,True,0.0,0.0
PLAIN-2940,0.0,0,False,0.0,0.0
PLAIN-2950,0.0,0,False,0.0,0.0
PLAIN-2960,0.3273949503887395,1,True,0.0,0.1522
PLAIN-2970,0.0,0,False,0.0,0.0
PLAIN-2981,0.5030904516575294,2,True,0.0049,0.0049
PLAIN-2991,0.3065735963827292,1,True,0.0803,0.0803
PLAIN-3001,0.20438239758848611,1,True,0.1825,0.4088
PLAIN-3014,0.0,0,False,0.0,0.0
PLAIN-3026,0.3010299956639812,1,True,0.699,0.699
PLAIN-3037,0.0,0,False,0.0,0.0
PLAIN-3053,0.7653606369886217,2,True,0.0,0.0
PLAIN-3063,0.0,0,False,0.0,0.0
PLAIN-307,0.4441228664487979,2,True,0.2273,0.0866
PLAIN-3074,1.0,1,True,0.0,0.0
PLAIN-3085,0.38685280723454163,1,True,-0.1934,0.0
PLAIN-3097,0.4770382338730848,1,True,0.0,0.0
PLAIN-3116,0.0,0,False,0.0,0.0
PLAIN-3131,0.14234052824960539,1,True,0.2256,0.2256
PLAIN-3141,0.09020315758404258,1,True,0.0,0.2094
PLAIN-3151,0.07716607426375235,4,True,0.2616,0.465
PLAIN-3161,0.5428373330848987,6,True,-0.0919,-0.0058
PLAIN-3171,0.2014039724944524,4,True,-0.1413,0.0311
PLAIN-3181,0.0,2,True,0.1682,0.0948
PLAIN-3191,0.09681446384354929,5,True,0.2821,0.3204
PLAIN-320,0.0,1,True,0.0,0.0
PLAIN-3201,0.25660478003987325,3,True,0.1042,0.1042
PLAIN-3211,0.0,0,False,0.0,0.0
PLAIN-3221,0.0,0,False,0.0,0.0
PLAIN-3231,0.0,0,False,0.0,0.0
PLAIN-3241,0.0,0,False,0.0,0.0
PLAIN-3251,0.060129839513593235,2,True,0.0952,0.0952
PLAIN-3261,0.09988280114199435,1,True,0.0499,0.0499
PLAIN-3271,0.0,0,False,0.0,0.0
PLAIN-3281,0.3239134396887189,2,True,0.0488,0.0
PLAIN-3292,0.5279127445637272,4,True,-0.0509,-0.1026
PLAIN-33,0.0979026874404286,1,True,0.0158,0.0455
PLAIN-3302,0.29420263302058774,3,True,-0.2421,-0.2244
PLAIN-3312,0.12065389290783826,3,True,0.109,0.0663
PLAIN-332,0.6131471927654584,1,True,0.0,0.0
PLAIN-3322,0.08514311764162098,1,True,0.0,-0.0157
PLAIN-3332,0.3721021666737136,4,True,0.1804,0.2704
PLAIN-3342,0.6364391809889587,2,True,-0.1732,0.1289
PLAIN-3352,0.0,0,False,0.0,0.0
PLAIN-3362,0.5880534728737216,3,True,0.0,0.0
PLAIN-3372,0.0,0,False,0.0,0.0
PLAIN-3382,0.2684006981258608,4,True,0.1738,0.2274
PLAIN-3392,0.0,1,True,0.0,0.1389
PLAIN-3402,0.0,0,False,0.0,0.0
PLAIN-3412,0.2684006981258608,4,True,0.0121,0.0837
PLAIN-3422,0.03542769807752961,4,True,0.0823,0.0065
PLAIN-3432,0.28323251649726616,6,True,0.1686,0.071
PLAIN-344,0.08228688650337701,2,True,0.1087,0.0512
PLAIN-3442,0.0,0,False,0.0,0.0
PLAIN-3452,0.5647652605605432,4,True,0.0121,-0.2964
PLAIN-3462,0.6975961695061491,9,True,0.0118,0.0752
PLAIN-3472,0.0,0,False,0.0,0.0
PLAIN-358,0.0,0,False,0.0,0.0
PLAIN-371,0.12669792223864473,1,True,0.2534,0.2534
PLAIN-383,0.10699313236726378,1,True,0.2322,0.2322
PLAIN-395,0.0,0,False,0.0,0.0
PLAIN-407,0.6387878864795979,1,True,0.0,0.0
PLAIN-418,0.7606220037494031,2,True,0.1065,0.0369
PLAIN-430,0.5974004989549763,3,True,-0.0923,-0.1248
PLAIN-44,0.0,2,True,0.1623,0.1411
PLAIN-441,0.9649970362857294,5,True,-0.1025,-0.1801
PLAIN-457,0.0,0,False,0.0,0.0
PLAIN-468,0.2406871186625798,3,True,0.0612,0.2452
PLAIN-478,0.0,0,False,0.0,0.0
PLAIN-488,0.933745776545611,11,True,-0.0032,-0.0121
PLAIN-499,0.4690000933206748,3,True,-0.0943,-0.2895
PLAIN-510,0.0,0,False,0.0,0.0
PLAIN-520,0.0,0,False,0.0,0.0
PLAIN-531,0.3183191637810562,5,True,-0.0281,-0.1388
PLAIN-541,0.32665167016610913,3,True,-0.045,0.2147
PLAIN-551,0.0,0,False,0.0,0.0
PLAIN-56,0.6968732710362916,5,True,-0.0664,-0.1115
PLAIN-561,0.3589542101716347,2,True,0.0,0.0
PLAIN-571,0.2558209594125084,2,True,0.0,-0.012
PLAIN-583,0.0,0,False,0.0,0.0
PLAIN-593,0.46927872602275644,1,True,0.0,0.0
PLAIN-603,0.0,0,False,0.0,0.0
PLAIN-613,0.06362078819895171,1,True,0.1565,0.0312
PLAIN-623,0.2489083270225946,2,True,0.0,0.0
PLAIN-634,0.13886244387355454,1,True,0.0812,0.0812
PLAIN-645,0.0,0,False,0.0,0.0
PLAIN-660,1.0,17,True,0.0,0.0
PLAIN-671,1.0,1,True,0.0,0.0
PLAIN-68,0.425035080064741,2,True,-0.0643,0.0496
PLAIN-681,1.0,1,True,0.0,0.0
PLAIN-691,0.0,0,False,0.0,0.0
PLAIN-701,0.361879195385413,2,True,0.0507,0.0507
PLAIN-711,0.22009176629808017,1,True,0.0,0.0
PLAIN-721,1.0,18,True,0.0,0.0
PLAIN-731,0.7909506325094737,10,True,-0.142,-0.1038
PLAIN-741,0.84860265890399,8,True,0.0026,-0.0223
PLAIN-751,0.0,0,False,0.0,0.0
PLAIN-761,0.15130120674940672,1,True,0.0396,-0.021
PLAIN-771,1.0,3,True,0.0,0.0
PLAIN-78,0.12741733550370724,1,True,-0.047,-0.0781
PLAIN-782,0.0,0,False,0.0,0.0
PLAIN-792,0.644824486427155,3,True,0.0,0.0
PLAIN-806,0.857980942822373,14,True,0.0784,0.142
PLAIN-817,0.0,0,False,0.0,0.0
PLAIN-827,0.43808927588501717,12,True,0.313,0.325
PLAIN-838,0.8550956239938448,7,True,0.0,0.0
PLAIN-850,0.6489315753318465,5,True,0.0,0.0
PLAIN-872,0.0,0,False,0.0,0.0
PLAIN-882,0.3589542101716347,2,True,0.0,0.0
PLAIN-892,0.727329844310522,6,True,0.0,0.0
PLAIN-902,0.6366824387328317,2,True,-0.0511,0.0
PLAIN-91,0.17653239837139892,3,True,0.0,0.1919
PLAIN-913,0.933745776545611,9,True,-0.1331,-0.0694
PLAIN-924,0.22009176629808017,1,True,0.0,0.0
PLAIN-934,0.7975167679274937,14,True,-0.1971,-0.1818
PLAIN-946,0.31488013066763093,2,True,-0.066,0.0441
PLAIN-956,0.3882047626431879,10,True,0.1631,0.0666
PLAIN-966,0.14126697285982898,1,True,-0.1413,-0.1413
PLAIN-977,0.14126697285982898,1,True,0.0068,0.328
PLAIN-987,0.23463936301137822,1,True,-0.2346,0.0614
PLAIN-997,0.0,0,False,0.0,0.0
